grade	line	dari	pashto
G01	5	دورهٔ آماده‌گی	د چمتووالې دوره
G01	7	فصل ۱: شمارش و شناخت اعداد تا ۹	لومړی فصل: تر ۹ پورې د عددونو شمیرل او پیژندل
G01	9	فصل ۲: جمع اعداد یک‌رقمی	دویم فصل: د یوه رقمي عددونو جمع
G01	11	فصل ۳: تفریق اعداد یک‌رقمی از اعداد یک‌رقمی	دریم فصل: له یوه رقمي عددونو څخه د تفریق له یوه رقمي عددونو تفریق
G01	13	فصل ۴: شمارش، خواندن و نوشتن اعداد تا ۲۰	څلورم فصل: تر ۲۰ پورې د عددونو شمیرل، لوستل او لیکل
G01	15	فصل ۵: شناخت شکل‌های هندسی، خورد، کلان، سبک، سنگین، دراز و کوتاه	پنځم فصل: کوچني، لوی، سپک، دروند، اوږد، لنډ، او هندسي شکلونو پېژندنه
G01	17	فصل ۶: شمارش، خواندن و نوشتن تا ۹۹ و شناخت یک‌ها و ده‌ها	شپږم فصل: تر۹۹ پورې د عددونو شمیرل، لوستل او لیکل او د یویزو او لسیزو پېژندنه
G01	19	فصل ۷: جمع ده‌های پوره	اووم فصل: د پوره لس‌گونو جمع کول
G01	21	فصل ۸: جمع اعداد دو رقمی با اعداد یک رقمی	اتم فصل: له یوه رقمي عدد سره د دوه رقمي عددونو جمع کول
G01	23	فصل ۹: تفریق دو عدد دو رقمی	نهم فصل: د دوو، دوه رقمي عددونو تفریق کول
G02	5	فصل ۱: شمارش و ترتیب اعداد از (۱-۱۰۰)	لومړی فصل
G02	6	درس اول: مفهوم عدد	د عدد مفهوم
G02	7	درس دوم: شمارش متناوب (دو، دو، پنج، پنج... زیاد کردن)	۱- متناوب شمېرل ( دوه، دوه،پنځه، پنځه.. زیاتول)
G02	8	درس سوم: مشق و تمرین	۲- دعدد دمفهوم تمرین
G02	9	درس چهارم: مقایسه و ترتیب اعداد تا ۱۰۰	۳- تر ۱۰۰ پورې د عددونو ترتیب او پرتله کول
G02	10	درس پنجم: ترتیب اعداد تا ۱۰۰	۴- تر ۱۰۰ پورې د عددونو ترتیب
G02	11	درس ششم: مشق و تمرین شمارش متناوب	۵- د متناوب شمېرلو مشق او تمرین
G02	12	درس هفتم: قبل، بعد، بین، زیاد و کم	۶- مخکې، وروسته، منځ کې، زیات، لږ
G02	13	درس هشتم: اعداد ترتیبی یا توصیفی	۷- توصیفې یا ترتیبي عددونه
G02	15	فصل ۲: قیمت مقامی و عملیه‌ها در اعداد از (۱- ۱۰۰)	دویم فصل
G02	16	درس نهم: مفهوم قیمت مقامی	د مقامي قیمت مفهوم
G02	17	درس دهم: جمع اعداد الی ۹۹	۸- تر۹۹ پورې د عددونو جمع او تفریق
G02	18	درس یازدهم: خاصیت تبدیلی در عملیهٔ جمع	۹- د جمعې په عملیې کې د بدلون قانون
G02	19	درس دوازدهم: جمع کردن سه جزء جمع	۱۰- د جمعې د دریو جزو جمع کول
G02	20	درس سیزدهم: تفریق	۱۱- تفریق
G02	21	درس چهاردهم: سؤال‌های عبارتی تفریق	۱۲- د تفریق عبارتي پوښتنې
G02	22	درس پانزدهم: رابطه بین جمع و تفریق	۱۳- دجمع اوتفریق ترمنځ اړیکې
G02	23	درس شانزدهم: معرفی اعداد جفت و تاق	۱۴- دجفت اوتاق عددونو پیژندنه
G02	25	فصل ۳: جمع اعداد دو رقمی	دریم فصل
G02	26	درس هفدهم: جمع اعداد دورقمی با اعداد یک‌رقمی که حاصل داشته باشد	له یوه رقمي عددونو سره د دوه رقمي عددونه جمع کول (چې حاصل ولري)
G02	27	درس هژدهم: جمع اعداد دورقمی با اعداد دورقمی که حاصل داشته باشد	۱۵- د دوه رقمي عددونو جمع کول له دوه رقمي عددونو سره چې حاصل ولري
G02	28	درس نزدهم: جمع کردن سه جزء جمع که حاصل داشته باشند	۱۶- دجمعي د دریو جزو جمع کول چې حاصل ولري
G02	30	فصل ۴: تفریق اعداد دو رقمی	څلورم فصل: د دوه رقمي عددونو تفریق
G02	31	درس بیستم: تفریق عدد یک‌رقمی از عدد دو رقمی با قرض گرفتن	۱۷- له دوه رقمي عدد څخه د یوه رقمي عدد تفریق کول چې په هغه کې پور اخیستل وي...
G02	32	درس بیست و یکم: تفریق اعداد دورقمی از اعداد دو رقمی با قرض گرفتن	۱۸- له دوه رقمي عددونوڅخه ددوه رقمي عدد تفریق (د پور اخیستلو په صورت کې)
G02	33	درس بیست و دوم: امتحان عملیه‌های جمع و تفریق توسط یکدیگر	۱۹- د جمعې او تفریق د عملیو آزمویل د یوبل په واسطه
G02	34	درس بیست وسوم: امتحان عملیهٔ تفریق	۲۰- د تفریق د عملیې آزموینه
G02	35	درس بیست و چهارم: جمع کردن اعداد با چوت	۲۱- د عددونو جمع کول د چوت په واسطه
G02	36	درس بیست‌وپنجم: تفریق اعداد با چوت	۲۲- د عددونو تفریق د چوت په واسطه
G02	38	فصل ۵: خواندن و نوشتن اعداد از (۱۰۰- ۱۰۰۰)	پنځم فصل: له (۱۰۰-۱۰۰۰) پورې د عددونو لوستل او لیکل
G02	39	درس بیست و ششم: خواندن و نوشتن اعداد از (۱۰۰-۱۰۰۰)	له (۱۰۰-۱۰۰۰) پورې د عددونو لوستل او لیکل
G02	40	درس بیست و هفتم: یک‌ها، ده‌ها و صدها	۲۳- لس گوني (لسیز) اوسل گوني
G02	41	درس بیست وهشتم: یک‌ها، ده‌ها و صدها	۲۴- سلیز، لسیز او یویز
G02	42	درس بیست و نهم: قیمت مقامی اعداد تا (۱۰۰۰)	۲۵- تر ۱۰۰۰ پورې د عددونو مقامي ارزښت
G02	43	درس سی ام: عدد قبل، بعد و بین دو عدد	۲۶- د یوه عدد مخ کې عدد، وروسته او د دوه عددونو منځ عدد
G02	44	درس سی و یکم: مقایسهٔ اعداد	۲۷- د عددونو پرتله
G02	45	درس سی و دوم: ترتیب اعداد نظربه قیمت مقامی	۲۸- د عددونو ترتیب نظر په مقامي ارزښت سره
G02	47	فصل ۶: جمع و تفریق اعداد سه رقمی	شپږم فصل: د درې رقمي عددونو جمع او تفریق
G02	48	درس سی و سوم: جمع کردن صدها	۲۹- د سلونو جمع کول
G02	49	درس سی و چهارم: جمع کردن یک‌عدد سه رقمی با عدد سه رقمی که رقم یک‌ها و ده‌های آن صفر باشد	۳۰- د درې رقمي عدد جمع کول له درې رقمي عدد سره چې د یویز اوسلیز رقمونه یې صفر وي
G02	50	درس سی و پنجم: جمع کردن اعداد سه رقمی	۳۱- د درې رقمي عددونو جمع کول
G02	51	درس سی و ششم: جمع اعداد سه رقمی که حاصل داشته باشد	۳۲- د درې رقمي عددونو جمع کول چې حاصل ولري
G02	52	درس سی و هفتم: تفریق اعداد سه رقمی	۳۳- د درې رقمي عددونو تفریق
G02	53	درس سی و هشتم: تفریق اعداد سه رقمی با قرض گرفتن	۳۴- د درې رقمي عددونو تفریق په پوراخستلو سره
G02	54	درس سی و نهم: تفریق اعداد سه رقمی که یک‌ها و ده‌های آن صفر باشد	۳۵- د درې رقمي عددونو تفریق چې یویز او لسیز یې صفر وي
G02	56	فصل ۷: عملیه های ضرب و تقسیم اعداد	اووم فصل
G02	57	درس چهلم: مفهوم ضرب	د ضرب مفهوم
G02	58	درس چهل و یکم: جمع اعدادی که اجزای مساوی دارند (جمع اعداد تکراری)	۳۶- د هغو عددونو جمع کول چې مساوي اجزاوې ولري (تکراري جمع)
G02	59	درس چهل و دوم: ضرب	۳۷- ضرب
G02	60	درس چهل و سوم: ساختن قطارها	۳۸- د کتارونو جوړول
G02	61	درس چهل وچهارم: خاصیت تبدیلی در ضرب	۳۹- په ضرب کې د بدلون خاصیت
G02	62	درس چهل و پنجم: ضرب کردن به شکل عمودی	۴۰- په عمودی شکل ضرب کول
G02	63	درس چهل و ششم: نمایش ضرب با استفاده از اشکال	۴۱- د شکلونو څخه په کار اخیستلو سره د ضرب ښوونه
G02	64	درس چهل و هفتم: سؤال‌های عبارتی ضرب	۴۲- د ضرب عبارتي پوښتنې
G02	65	درس چهل و هشتم: ضرب عدد یک‌رقمی در دورقمی	۴۳- په دوه رقمي عدد کې د یوه رقمي عدد ضربول
G02	66	درس چهل و نهم: خاصیت عدد (۱) در عملیهٔ ضرب	۴۴- د ضرب په عملیه کې د (۱) د عدد خاصیت
G02	67	درس پنجاهم: خاصیت صفر(۰) در عملیهٔ ضرب	۴۵- د ضرب په عملیه کې د (۰) صفر خاصیت
G02	68	درس پنجاه و یکم: ساختن گروه‌ها	۴۶- د گروپونو جوړول
G02	69	درس پنجاه و دوم: ساختن گروه‌های مساوی	۴۷- د مساوي گروپونو جوړول
G02	70	درس پنجاه و سوم: مفهوم تقسیم	۴۸- د وېش مفهوم
G02	71	درس پنجاه و چهارم: رابطهٔ بین ضرب و تقسیم	۴۹- د ضرب او تقسیم ترمنځ اړیکې
G02	72	درس پنجاه و پنجم: تقسیم یک‌عدد به خودش	۵۰- د یوه عدد وېشل په خپل عدد باندې
G02	73	درس پنجاه و ششم: تقسیم یک‌عدد به(۱)	۵۱- د یوه عدد وېشل په (۱) باندې
G02	75	فصل ۸: واحدهای اندازه گیری	اتم فصل: د اندازه کولو واحدونه
G02	76	درس پنجاه و هفتم: واحدهای غیر معیاری	۵۲- غیر معیاري واحدونه
G02	77	درس پنجاه و هشتم: واحدهای معیاری (متر، سانتی‌متر و ملی متر)	۵۳- معیاري واحدونه (متر، سانتي متر او ملي متر)
G02	78	درس پنجاه ونهم: اندازه کردن طول قطعه خطها توسط خط‌کش	۵۴- د خط کش په واسطه د ټوټه خطونو د اوږدوالي اندازه کول
G02	80	فصل ۹: هندسه	نهم فصل: هندسه
G02	81	درس شصتم: شناخت شکل‌های هندسی	۵۵- د هندسي شکلونو پېژندنه
G02	82	درس شصت و یکم: محیط	۵۶- محیط
G02	84	فصل ۱۰: معرفی‌کسر در اشکال و اشیا	لسم فصل: په عملي شکل د کسر پېژندل
G02	85	درس شصت و دوم: کسر در اشکال هندسی	۵۷- په هندسي شکلونو کې کسر
G02	86	درس شصت و سوم: نمایش حصه‌یی از یک کسر	۵۸- د یوې کسري برخې ښوونه
G03	5	فصل ۱	لومړی فصل
G03	6	۱. قیمت مقامی ارقام	۱. د رقمونو مقامي قیمت
G03	7	۲. تجسس و تخمین	۲. اټکل او تخمین
G03	9	فصل ۲	دویم فصل
G03	10	۳. خواندن و نوشتن اعداد از (۱۰۰۰ الی ۱۰۰۰۰)	۳. له (۱۰۰۰) څخه تر (۱۰۰۰۰) پورې د عددونو لوستل او لیکل
G03	11	۴. معرفی اعداد از (۱۰۰۰۰ الی ۱۰۰۰۰۰)	۴. له ۱۰۰۰۰ څخه تر ۱۰۰۰۰۰ پورې د عددونو پیژندل.
G03	13	فصل ۳	دریم فصل
G03	14	۵. عملیهٔ جمع با استفاده از ساختن گروه های ده دانه یی	۵. د جمعې په عملیې کې د لس دانه ییزو ډلو له جوړولو
G03	15	۶. جمع اعداد چند رقمی با چند رقمی که حاصل جمع آن ها از ۱۰۰۰۰۰ زیاد نشود.	۶. د څو رقمي عددونو جمع چې د جمعې حاصل یې له ۱۰۰۰۰۰ زیات نشي
G03	16	۷. جمع اعدادی که اضافه از دو جزء داشته باشند	۷. د هغو عددونو جمع چې له دوو جزو څخه زیاتې اجزاوي ولري
G03	17	۸. امتحان عملیهٔ جمع	۸. د جمعې د عملیې ازمیښت
G03	19	فصل ۴	څلورم فصل
G03	20	۹. تفریق اعداد دو رقمی، سه رقمی و چهار رقمی از یکدیگر	۹. له یو بل څخه د دوه رقمي، درې رقمي او څلور رقمي عددونو تفریق
G03	21	۱۰. اجرای عملیهٔ تفریق که ضرورت به قرض گرفتن باشد	۱۰. د پور اخیستلو په صورت کې د تفریق د عملیې سرته رسول
G03	22	۱۱. امتحان عملیهٔ تفریق	۱۱. د تفریق د عملیې ازمایل
G03	24	فصل ۵	پنځم فصل
G03	25	۱۲. خط اعداد	۱۲. د عددونو خط
G03	26	۱۳. مقایسهٔ اعداد در اطراف دو ده ها	۱۳. د دوو لسونو په شا او خوا کې د عددونو پرتله
G03	27	۱۴. عملیهٔ جمع با استفاده از خط اعداد	۱۴. په عددي خط باندې د جمعې عملیه
G03	28	۱۵. عملیهٔ تفریق با استفاده از خط اعداد	۱۵. د عددونو په خط باندې د تفریق عملیه
G03	30	فصل ۶	شپږم فصل
G03	31	۱۶. معرفی مفهوم عملیهٔ ضرب	۱۶. د ضرب د عملیې پیژندنه
G03	32	۱۸. جدول ضرب زبانی (۶، ۷)	۱۸. د ۶ او ۷ د ژبني ضرب جدول
G03	33	۱۹. جدول ضرب زبانی اعداد (۸، ۹ و ۱۰)	۱۹. د ۸، ۹ او ۱۰ عددونو د ژبني ضرب جدولونه
G03	34	۲۰. طریق استفاده از جدول ضرب زبانی (۱-۱۰)	۲۰. د (۱-۱۰) د ژبني ضرب له جدول څخه د کار اخیستلو طریقه.
G03	35	۲۱. خاصیت تبدیلی در عملیهٔ ضرب	۲۱. د ضرب په عملیه کې د بدلون خاصیت
G03	36	۲۲. ضرب یک عدد به ۱، ۱۰ و ۱۰۰	۲۲. په ۱، ۱۰ او ۱۰۰ کې د یوه عدد ضربول
G03	38	فصل ۷	اووم فصل
G03	39	۲۳. واحد اندازه گیری طول (متر)	۲۳. د اوږدوالي د اندازه کولو واحد ( متر )
G03	40	۲۴. سانتی متر	۲۴. سانتي متر
G03	41	۲۵. دیسی متر	۲۵. دیسي متر
G03	42	۲۶. ملی متر	۲۶. ملي متر
G03	43	۲۷. کیلو متر	۲۷. کیلو متر
G03	45	فصل ۸	اتم فصل
G03	46	۲۸. نقطه، قطعه خط، نیم خط و خط مستقیم	۲۸. نقطه، قطعه خط، نیم خط او مستقیم خط
G03	47	۲۹. اقسام خط	۲۹. د خط ډولونو
G03	48	۳۰. اقسام زاویه	۳۰. د زاویو ډولونو
G03	49	۳۱. اشکال باز و بسته	۳۱. خلاص او تړلې شکلونه
G03	50	۳۲. تخمین و اندازه گیری دقیق طول	۳۲. د اوږدوالی اټکلي او دقیق اندازه کول
G03	51	۳۳. پیدا کردن محیط مربع، مستطیل و مثلث	۳۳. د مربع، مستطیل او مثلث د محیط پیدا کول
G03	53	فصل ۹	نهم فصل
G03	54	۳۴. واحد اندازه گیری کتلهٔ (کیلو گرام)	۳۴. د کتلې د اندازه کولو واحد (کیلو گرام)
G03	55	۳۵. واحد اندازه گیری وقت (ساعت)	۳۵. د وخت د اندازه کولو واحد (ساعت)
G03	56	۳۶. هفته، ماه و سال	۳۶. ورځ، اونۍ، میاشت، کال
G03	57	۳۷. معرفی جنتری	۳۷. د کلیزی یا جنتري پیژندنه
G03	58	۳۸. واحد اندازه گیری مایعات (لیتر)	۳۸. د معایاتو د اندازه کولو واحد (لیتر)
G03	59	۳۹. ضرب اعداد یک رقمی به اعداد چند رقمی	۳۹. د یوه رقمي عددونو ضرب کول په څو رقمي عددونو کې .
G03	60	۴۰. ضرب اعداد دو رقمی به اعداد دو رقمی	۴۰. د دوه رقمي عددونو ضربول په دوه رقمي عددونو کې
G03	61	۴۱. ضرب اعداد دو رقمی به اعداد سه رقمی	۴۱. د دوه رقمي عددونو ضرب په درې رقمي عددونو کې
G03	63	فصل ۱۰	لسم فصل
G03	64	۴۲. عملیهٔ تقسیم	۴۲. د تقسیم عملیه
G03	65	۴۳. تقسیم اعداد دو رقمی به اعداد یک رقمی	۴۳. د دوه رقمي عددونو تقسیم په یوه رقمي عددونو باندې
G03	66	۴۴. تقسیم اعداد سه رقمی به اعداد یک رقمی	۴۴. د درې رقمي عددونو تقسیم په یوه رقمي عدد باندې
G03	67	۴۵. امتحان عملیه، ضرب و تقسیم توسط یکدیگر	۴۵. د ضرب او د عملیو ازموینه د یو بل په واسطه
G03	69	فصل ۱۱	یوولسم فصل
G03	70	۴۶. معرفی کسر	۴۶. کسر
G04	5	تکرار مختصر صنف سوم	د دریم ټولګي تکرار په لنډ ډول
G04	6	۱. تقویت مفهوم قیمت مقامی اعداد الی صدهزار	۱. د عددونو د مقامي قیمتونو پیاوړي کول تر سلوزرو
G04	7	۲. تخمین نمودن	۲. تخمین (اټکل کول)
G04	8	۳. جمع اعداد به صورت عمودی و افقی	۳. په عمودي او افقي ډول د عددونو جمع کول
G04	9	۴. تفریق اعداد به صورت عمودی و افقی	۴. په عمودي او افقي ډول د عددونو تفریق کول
G04	10	۵. ضرب	۵. ضرب
G04	11	۶. تقسیم اعداد دو رقمی و سه رقمی بر اعداد یک رقمی	۶. د دوه رقمي او درې رقمي عددونو وېش په یو رقمي عدد باندې
G04	13	فصل ۱	لومړی څپرکی
G04	14	۷. طبقه بندی، خواندن و نوشتن اعداد تا ملیارد	۷. طبقې کول او د عددونو لوستل او لیکل تر ملیارده پورې
G04	15	۸. ارائه اعداد به شکل توسعه‌یی	۸. د عددونو ښودل په توسعوي شکل
G04	17	فصل ۲: عملیه‌های چهارگانه	دویم څپرکی: څلورګونې عملیې
G04	18	۹. جمع اعداد تا ملیارد	۹. تر ملیارده پورې د عددونو جمع کول
G04	19	۱۰. امتحان عملیهٔ جمع	۱۰. د جمعې د عملیې امتحان
G04	20	۱۱. تفریق اعداد تا ملیارد	۱۱. د عددونو تفریق ترملیارده پورې
G04	21	۱۲. امتحان عملیهٔ‌تفریق	۱۲. د تفریق د عملیې امتحان
G04	22	۱۳. ضرب اعداد دو رقمی در دو رقمی	۱۳. د دوه رقمي عدد ضرب په دوه رقمي عدد کې
G04	23	۱۴. ضرب اعداد دو رقمی در سه رقمی	۱۴. په درې رقمي عدد کې د دوه رقمي عدد ضرب
G04	24	۱۵. ضرب اعداد دو رقمی در چهار رقمی	۱۵. په څلور رقمي عدد کې د دوه رقمي عدد ضرب
G04	25	۱۶. ضرب اعداد دو رقمی در چند رقمی	۱۶. په څو رقمي عدد کې د دوه رقمي عدد ضرب
G04	26	۱۷. تقسیم اعداد دو رقمی به دو رقمی	۱۷. په دوه رقمي عدد باندې د دوه رقمي عدد وېش
G04	27	۱۸. تقسیم اعداد سه رقمی به دو رقمی	۱۸. په دوه رقمي عدد باندې د درې رقمي عدد وېش
G04	28	۱۹. تقسیم یک عدد چهار رقمی به دو رقمی	۱۹. په دوه رقمي عدد باندې د څلور رقمي عدد وېش
G04	29	۲۰. امتحان عملیهٔ ضرب	۲۰. د ضرب د عملیې امتحان
G04	30	۲۱. امتحان عملیهٔ تقسیم بدون باقیمانده	۲۱. دوېش د عملیې امتحانول چې پاتې ونه لري
G04	31	۲۲. امتحان عملیهٔ تقسیم که باقیمانده داشته باشد	۲۲. دوېش د عملیې امتحان چې پاتې ولري
G04	33	فصل ۳: هندسه	دریم څپرکی: هندسه
G04	34	۲۳. دریافت محیط مثلث	۲۳. د مثلث د محیط پیداکول
G04	35	۲۴. دریافت محیط مستطیل	۲۴. د مستطیل د محیط پیداکول
G04	36	۲۵. دریافت محیط مربع	۲۵. د مربع د محیط پیداکول
G04	37	۲۶. دریافت محیط پنج ضلعی	۲۶. د پنځه ضلعي د محیط پیداکول
G04	38	۲۷. دریافت محیط شش ضلعی	۲۷. د شپږ ضلعي د محیط پیداکول
G04	39	۲۸. معرفی سطح	۲۸. د سطحې پېژندنه
G04	40	۲۹. معرفی دایره، سطح دایره‌یی قطر، شعاع و وتر دایره	۲۹. د دایرې سطحې او د دایرې قطر، شعاع او وتر پېژندنه
G04	41	۳۰. معرفی واحد سطح و دریافت مساحت مربع	۳۰. د سطحې د واحد پېژندنه او د مربع د مساحت پیداکول
G04	42	۳۱. دریافت مساحت مستطیل	۳۱. د مستطیل د مساحت پیداکول
G04	44	فصل ۴: کسر عام	څلورم څپرکی: عام کسر
G04	45	۳۲. مفهوم صورت کسر،مخرج کسر و خط کسری (خط بر)	۳۲. د کسر د صورت، مخرج او کسري خط (خط بر) مفهوم
G04	46	۳۳. مقایسه کسرهایی که دارای مخرج های مساوی اند	۳۳. د هغو کسرونو پرتله کول چې مخرجونه یې سره مساوي وي
G04	47	۳۴. جمع کسرهایی که مخرج های شان یکسان باشد	۳۴. د عامو کسرونو جمع چې مخرجونه یې سره مساوي وي
G04	48	۳۵. تفریق کسرهای عام که مخرج های شان یکسان باشد	۳۵. د عام کسر تفریق چې مساوي مخرجونه ولري
G04	50	فصل ۵: واحد های اندازه‌گیری	پنځم څپرکی: د اندازه کولو واحدونه
G04	51	۳۶. واحد اندازه‌گیری طول	۳۶. داوږدوالي (طول) د اندازه کولو واحد
G04	52	۳۷. واحد اندازه‌گیری کتله	۳۷. د کتلې د اندازه کولو واحد
G04	53	۳۸. واحد اندازه‌گیری ظرفیت	۳۸. د ظرفیت د اندازه کولو واحد
G04	54	۳۹. واحد مقیاس وقت	۳۹. د وخت (زمان) د مقیاس واحد
G05	5	فصل ۱: عملیه‌های جمع و تفریق اعداد چند رقمی	لومړی څپرکی: د څو رقمی عددونو د جمع او تفریق عملیې
G05	6	۱. جمع	۱. جمع
G05	9	۴. تفریق	۳. تفریق
G05	11	۶. امتحان عملیهٔ جمع	۴. د جمعې د عملیې آزموینه
G05	12	۷. امتحان عملیهٔ تفریق	۵. د تفریق د عملیې آزموینه
G05	15	۱۰. خاصیت تبدیلی، اتحادی و صفر در عملیهٔ جمع	۷. د جمعې په عملیه کې د بدلون (تبدیلي)، اتحادي او صفر...
G05	18	فصل ۲: عملیه‌های ضرب، تقسیم و خواص عملیهٔ ضرب	دویم څپرکی: د ضرب او تقسیم عملیې او د ضرب عملیې خاصیتونه
G05	19	۱۲. ضرب	۹. ضرب
G05	21	۱۴. تقسیم	۱۰. تقسیم (وېش)
G05	23	۱۶. امتحان عملیهٔ ضرب	۱۲. د ضرب او تقسیم د عملیو آزموینه د یو بل په واسطه
G05	26	۱۹. خاصیت یک و صفر در عملیهٔ ضرب	۱۴. د ضرب په عملیه کې د یوه او صفر خاصیتونه
G05	27	۲۰. خاصیت تبدیلی و اتحادی در عملیهٔ ضرب و خاصیت توزیعی	۱۵. د ضرب په عملیه کې د بدلون (تبدیلی)، اتحادي خاصیت...
G05	30	فصل ۳: مبحث هندسه	دریم څپرکی: د هندسې مبحث
G05	31	۲۲. خط و انواع آن	۱۸. نقطه، خط، قطعه خط، نیم خط (شعاع)، مستقیم خط
G05	32	۲۳. وضعیت خط مستقیم	۲۰. د مستقیم خط حالت
G05	33	۲۴. وضعیت دو خط مستقیم نظر به یکدیگر	۲۱. د مستقیموخطونو حالتونه نظر یو بل ته
G05	34	۲۵. اقسام خط	۲۲. د خط ډولونه
G05	35	۲۶. زاویه	۲۳. زاویه
G05	36	۲۷. واحد اندازه‌گیری زاویه	۲۴. د زاویې د اندازه کولو واحد
G05	37	۲۸. اقسام زاویه	د زاویې ډولونه
G05	38	۲۹. تمرین	۲۵. پوښتنې
G05	39	۳۰. زاویه‌های مجاوره	۲۶. مجاورې زاویې
G05	40	۳۱. زاویه‌های مکمله و مجاورهٔ مکمله	۲۷. مکملې زاویې او مکملې مجاورې زاویې
G05	41	۳۲. زاویه‌های متممه و مجاورهٔ متممه	۲۸. متممې زاویې او متممې مجاورې زاویې
G05	42	۳۳. زاویه‌های متقابل به رأس	۲۹. متقابل به راس زاویې
G05	44	۳۵. مثلث	۳۱. مثلث
G05	45	۳۶. اقسام مثلث از لحاظ زاویه	۳۲. د زاویې له مخې د مثلث ډولونه
G05	46	۳۷. اقسام مثلث از لحاظ اضلاع	۳۳. دضلعو له مخې د مثلث ډولونه
G05	47	۳۸. مضلع	۳۴. مضلع
G05	48	۳۹. مستطیل	۳۵. مستطیل
G05	49	۴۰. مربع	۳۶. مربع
G05	50	۴۱. دایره	۳۷. دایره
G05	51	۴۲. تمرین	۳۸. پوښتنې
G05	53	فصل ۴: بزرگترین قاسم مشترک و کوچکترین مضرب مشترک	څلورم څپرکی: تر ټولو لوی مشترک قاسم او تر ټولو کوچنی مشترک مضرب
G05	54	۴۳. قابلیت تقسیم به ۲، ۳ و ۶	۳۹. پر ۲، ۳، ۵، ۶ او ۱۰ باندې د وېش قابلیت
G05	58	۴۷. مفاهیم قاسم و مضرب	۴۰. د قاسم او مضرب د مفاهیمو پېژندنه
G05	60	۴۹. اعداد اولیه و غیر اولیه ( مرکب )	۴۲. د اولیه او مرکب (غیر اولیه) عددونو پېژندنه
G05	62	۵۱. قاسم‌های مشترک و تعیین بزرگترین قاسم...	۴۴. مشترک قاسمونه او د دوو یا څو عددونو تر ټولو د لوی مشترک...
G05	64	۵۳. مضرب‌های مشترک و تعیین کوچکترین مضرب...	۴۶. د دوو یا څو عددونو مشترک مضربونه او تر ټولو د کوچني ...
G05	66	۵۵. دریافت کوچکترین مضرب مشترک به واسطهٔ تجزیه	۴۷. د تجزیې په واسطه د ذواضعاف اقل پیدا کول
G05	69	فصل ۵: کسر ها و عملیه‌های چهار گانه آن	پنځم څپرکی: عام کسر او د هغه څلور ګونې عملیې
G05	70	۵۷. کسرها	۵۱. عام کسر
G05	71	۵۸. کسرهای مساوی به صفر	۵۲. له صفر سره مساوي کسرونه
G05	72	۵۹. کسرهای بزرگتر از واحد	۵۳. له واحد څخه لوی کسرونه
G05	73	۶۰. کسرهای واقعی و غیر واقعی	۵۴. واقعي او غیر واقعي کسرونه
G05	75	۶۲. کسرهای معادل	۵۶. معادل کسرونه
G05	77	۶۴. اختصار ( ساده ساختن ) کسرها	۵۸. د عام کسر اختصار (ساده کول)
G05	79	۶۶. مقایسهٔ کسرها	۶۰. د عام کسرونو پرتله (مقایسه) کول
G05	81	۶۸. تصحیح کسرعام	۶۲. د عام کسر تصحیح او غیر واجب کول
G05	84	۷۱. جمع کسرهایی که مخرج‌های مختلف داشته باشند	۶۴. د عام کسر جمع
G05	86	۷۳. جمع کسرها به کمک کوچک‌ترین مضرب مشترک	۶۶. د ذواضعاف اقل په مرسته د کسرونو ...
G05	87	۷۴. جمع کسرهایی مخلوط	۶۷. د عام کسرونو جمع کول چې صحیح عدد ولري
G05	89	۷۶. تفریق کسرهایی که مخرج‌های مختلف داشته باشند	۶۹. د عام کسر تفریق
G05	91	۷۸. تفریق کسرهای مخلوط	۷۱. د عام کسرونو تفریق کول چې صحیح عدد ولري
G05	93	۸۰. ضرب عدد صحیح در کسر و ضرب کسر در عدد صحیح	۷۳. د عام کسر ضرب
G05	95	۸۲. ضرب کسر در کسر	۷۵. د کسري عدد ضرب په کسري عدد کې
G05	96	۸۳. ضرب کسرهایی مخلوط	۷۶. د صحیح عدد لرونکو کسرونو ضرب
G05	98	۸۵. تقسیم کسر به عدد صحیح و تقسیم عدد ...	۷۸. د عام کسر تقسیم
G05	99	۸۶. تقسیم کسر بر کسر	۷۹. د کسري عدد وېشل پر کسري عدد باندې
G05	101	۸۸. کسرالکسر	۸۱. کسرالکسر
G06	5	ارقام رومی	رومي رقمونه
G06	7	فصل ۱: تجزیهٔ اعداد به عامل‌های ضربی اولیهٔ آن‌ها	لومړی څپرکی: د عددونو تجزیه په لومړنیو ضربي عواملو باندې
G06	8	قابلیت‌های تقسیم	د تقسیم قابلیتونه
G06	9	عددهای اولیه و غیر اولیه ( مرکب )	اولیه او غیر اولیه (مرکب) عددونه
G06	10	اجزای ضربی و تجزیه	ضربي اجزاوې او تجزیه
G06	12	طریق تجزیهٔ یک عدد مرکب به عددهای اولیه	په اولیه عددونو باندې د یوه عدد دتجزیه
G06	13	طاقت و توان نما	طاقت او توان
G06	15	فصل ۲: کسرهای عام و اعشاری	دویم څپرکی: عام او اعشاري کسرونه
G06	16	کسر عام	عام کسر
G06	18	تجنیس کسرها	دکسرونو هم مخرج کول
G06	20	مقایسهٔ کسرها	دکسرونو پرتله کول
G06	21	جمع و تفریق کسر عام	د عام کسر جمع او تفریق
G06	22	ضرب و تقسیم کسر عام	د عام کسر ضرب او تقسیم
G06	23	جمع و تفریق کسر الکسر	دکسرالکسر جمع او تفریق
G06	24	الف) جمع کسرالکسر	الف: دکسرالکسر جمع
G06	25	ب) تفریق کسرالکسر	ب: دکسرالکسر تفریق
G06	26	ضرب و تقسیم کسرالکسر	دکسرالکسر ضرب او تقسیم
G06	27	الف) ضرب کسر الکسر	الف: دکسرالکسر ضرب
G06	28	ب) تقسیم کسرالکسر	ب: دکسرالکسر تقسیم
G06	29	کسر اعشاری	اعشاري کسر
G06	30	مقایسهٔ کسرهای اعشاری	د اعشاري کسرونو پرتله کول
G06	32	جمع و تفریق کسرهای اعشاری	د اعشاري کسر جمع او تفریق
G06	33	ضرب کسر اعشاری	د اعشاري کسر ضرب
G06	34	ضرب کسر اعشاری یا اعداد اعشاری در عددهای ۱۰، ۱۰۰، ۱۰۰۰ و...	د اعشاري کسر ضرب یا اعشاري عددونو ضرب په ۱۰، ۱۰۰، ۱۰۰۰... عددونو کې
G06	35	تقسیم کسر اعشاری	د اعشاري کسر تقسیم
G06	37	تقسیم کسر اعشاری به اعداد ۱۰، ۱۰۰، ۱۰۰۰ ...	په ۱۰، ۱۰۰، ۱۰۰۰ او نور باندې د اعشاري کسر تقسیم
G06	38	تبدیل کسرها به یکدیگر و تبدیل کسر عام به کسر اعشار	په یو بل باندې دکسرونو بدلول؛ د عام کسر بدلول په اعشاري کسر باندې
G06	39	تبدیل کسر اعشاری به کسر عام	د اعشاري کسر بدلول په عام کسر باندې
G06	40	کسرهای اعشاری متوالی	اعشاري متوالي کسرونه
G06	41	تبدیل کسر اعشاری متوالی به کسر عام	د متوالی اعشاری کسرونو بدلول په عام کسر باندې
G06	43	فصل ۳: نسبت، تناسب و فیصد	دریم څپرکی: نسبت، تناسب او فیصد
G06	44	نسبت	نسبت
G06	45	نسبت‌های معکوس	معکوس نسبتونه
G06	46	تناسب	تنلسب
G06	47	تناسب مستقیم و تناسب معکوس	مستقیم او معکوس تناسب
G06	48	فیصد	فیصد
G06	50	فصل ۴: واحدهای اندازه‌گیری در سیستم متریک	څلورم څپرکی: په متریک سیستم کې د اندازه کولو واحدونه
G06	51	واحد طول	د اوږوالي واحد
G06	52	واحد کتله	د کتلې واحد
G06	53	واحد زمان	د وخت یا زمان واحد
G06	54	واحد سطح	د سطحې واحد
G06	55	واحد حجم	د حجم واحد
G06	56	واحد مقیاس مایعات	د مایعاتو د مقیاس واحد
G06	58	فصل ۵: مبحث هندسه	پنځم څپرکی: هندسي مبحث
G06	59	آلات هندسی	د هندسي وسایل او سامان
G06	60	وضعیت خط	د خط وضیعت (حالت)
G06	61	خطوط موازی	موازي خطونه
G06	62	خطوط متقاطع	متقاطع خطونه
G06	63	مثلث	مثلث
G06	64	مساحت مستطیل	د مستطیل مساحت
G06	65	مساحت مربع	د مربع مساحت
G06	66	مساحت مثلث	د مثلث مساحت
G06	67	معین (لوزی)	معین یا لوزي
G06	68	مساحت معین	شبه معین
G06	69	ذوزنقه	ذوزنقه
G06	70	منحرف	منحرف
G06	71	دایره	دایره
G06	72	نسبت محیط وقطر دایره	د دایرې د محیط او قطر ترمنځ نسبت
G06	73	اجسام	جسمونه
G06	74	منشور	منشور
G06	75	هرم	هرم
G06	76	مخروط	مخروط
G06	77	کره	کره
G06	79	فصل ۶: ترسیمات هندسی	شپږم څپرکی: هندسي ترسیمونه
G06	80	تنصیف زاویه ذریعهٔ پرکار	د پرکار پر واسطه د یوې زاویې نیمایي کول
G06	82	تنصیف زاویه توسط نقاله	د نقالې په واسطې د یوې زاویې نیمایي کول
G06	83	ترسیم عمود بالای یک نقطهٔ معین یک قطعه خط	د یو قطعه خط په یوه ټاکلي نقطه باندې د عمود خط رسمول
G06	84	ترسیم عمود از یک نقطهٔ خارج بالای یک قطعه خط	د قطعه خط د له یوې باندنی نقطې څخه پر قطعه خط د یو عمود رسمول
G06	85	ترسیم ناصف عمودی یک قطعه خط	د یوه قطعه خط د عمودي ناصف رسمول
G06	86	طریق ترسیم یک زاویه مساوی به زاویهٔ داده شده	له یوې راکړل شوي زاویې سره د یوې مساوي زاویې د رسمولو طریقه
G06	87	طریق ترسیم خطوط موازی	د موازي خطونو د رسمولو طریقه
G06	88	ترسیم مثلثی که سه ضلع آن معلوم باشد	د هغه مثلث رسمول چې درې ضلعې یې معلومې وي
G06	90	ترسیم مثلثی که دو زاویه و یک ضلع آن معلوم باشد	د یوه مثلث رسمول چې دوه زاویې او یوه د منځ ضلعه یې معلومه وي
G06	91	ترسیم مثلث قایم الزاویه‌یی که وتر و یک ضلع قایم آن معلوم باشد	د قایم الزاویه مثلث رسمول چې وتر او یوه قایمه ضلعه یې معلومه وي
G06	92	سؤال‌ها	پوښتنې
G07	5	فصل ۱: ست	لومړی څپرکی: سټ
G07	6	مفهوم ست، عناصر و روش‌های نوشتن یک ست	د سټ مفهوم، د یوه سټ عناصر او د یو سټ د لیکلو طریقې
G07	7	ست‌های مساوی و معادل	مساوي او معادل سټونه
G07	8	ست فرعی، تقاطع و اتحاد ست‌ها	فرعي سټ، د سټونو تقاطع، د سټونو اتحاد
G07	9	تفاضل ست‌ها، ست کلی و مکملهٔ یک ست	د دوو سټونو تفاضل، کُلي سټ او مکمله سټ
G07	10	ست‌های متناهی و نامتناهی	معین او غیر معین سټونه
G07	11	خلاصهٔ فصل اول و تمرین	د لومړي څپرکي لنډیز او پوښتنې
G07	13	فصل ۲: اعداد طبیعی	دویم څپرکی: طبیعي عددونه
G07	14	قابلیت‌های تقسیم و تجزیهٔ اعداد طبیعی	د طبیعي عددونو د ویش یا تقسیم قابلیتونه، د طبیعي عددونو تجزیه او په لومړنیو عددونو تجزیه
G07	15	طاقت و قوانین طاقت (قوانین ضرب و تقسیم طاقت)	طاقت، د طاقتونو د ضرب قانون او د طاقتونو وېش قانون
G07	16	روش علمی عددنویسی	د عدد د لیکلو علمي طریقه
G07	17	بزرگ‌ترین قاسم مشترک و دریافت آن توسط تجزیه	تر ټولو لوی مشترک قاسم او د تجزیې په مرسته د تر ټولو لوی مشترک قاسم پیدا کول
G07	18	کوچک‌ترین مضرب مشترک و دریافت آن توسط تجزیه به اعداد اولیه	تر ټولو کوچنی مشترک مضرب او په لومړنیو عددونو باندې د تجزیې په واسطه د تر ټولو کوچني مشترک مضرب پیدا کول
G07	19	موارد استعمال کوچک‌ترین مضرب مشترک و بزرگ‌ترین قاسم مشترک در حل مسائل روزمرهٔ زنده‌گی	د ورځني ژوند د مسایلو په حل کې دکوچني مشترک مضرب او د تر ټولو لوی مشترک قاسم د استعمال ځایونه
G07	20	رابطه بین کوچک‌ترین مضرب مشترک و بزرگ‌ترین قاسم مشترک دو عدد	د دوو عددونو د تر ټولو لوی مشترک قاسم او کوچنی مشترک مضرب تر منځ اړیکې
G07	21	دریافت همزمان کوچک‌ترین مضرب مشترک و بزرگ‌ترین قاسم مشترک دو عدد	په یوه وخت کې دکوچني مشترک مضرب او ترټولو لوی مشترک قاسم پیدا کول
G07	22	مربع و جذر مربع تام اعداد طبیعی توسط تجزیه و طریق عمومی	د یوه طبیعي عدد مربع او د عدد پوره مربع جذر پیدا کول د تجزیې په طریقه، د یو عدد د مربع جذر د پیدا کولو عمومي طریقه
G07	23	جذر مکعب تام اعداد طبیعی	د یوه طبیعي عدد مکعب (دریم) جذر
G07	24	خلاصهٔ و تمرین فصل دوم	د دویم څپرکي لنډیز او پوښتنې
G07	26	فصل ۳: اعداد تام	دریم څپرکی: تام عددونه
G07	27	اعداد مثبت و منفی	مثبت او منفي عددونه
G07	28	ترتیب اعداد تام و نمایش اعداد تام روی محور اعداد	تام عددونه او د عددونو پر محور باندې د تامو عددونو ښودنه
G07	29	قیمت مطلقهٔ یک عدد تام، جمع، تفریق، ضرب و تقسیم اعداد تام	د یوه عدد مطلقه قیمت، د تامو عددونو د جمعې، تفریق، ضرب او ویش عملیې
G07	30	قیمت افاده‌های حسابی	د حسابي افادو د قیمتونو پیدا کول
G07	31	خواص عملیه‌ها	د عملیو خاصیتونه
G07	32	خلاصهٔ فصل سوم و تمرین	د دریم څپرکي لنډیز او پوښتنې
G07	34	فصل ۴: اعداد نسبتی	څلورم څپرکی: نسبتي عددونه
G07	35	اعداد نسبتی	نسبتي عددونه
G07	36	مقایسهٔ اعداد نسبتی	د نسبتي عددونو پرتله کول
G07	37	جمع و تفریق، ضرب و تقسیم اعداد نسبتی	د نسبتي عددونو د جمعې، تفریق، ضرب او تقسیم (ویش) عملیې
G07	38	خواص عملیه‌های اعداد نسبتی	د نسبتي عددونو د عملیو خاصیتونه
G07	39	تبدیل اعداد نسبتی به اعداد اعشاری	په اعشاري عددونو باندې د نسبتي عددونو بدلول
G07	40	خلاصهٔ فصل چهارم و تمرین	د څلورم څپرکي لنډیز او پوښتنې
G07	42	فصل ۵: مثلث‌ها و چندضلعی‌ها	پنځم څپرکی: مثلثونه او څو ضلعي (مضلع گانې)
G07	43	صنف‌بندی و اقسام مثلث‌ها، میانه، ارتفاع و ناصف‌الزاویه در مثلث	د مثلث ډولونه (د مثلث ارتفاع، میانه او ناصف الزاویه)
G07	44	مجموع زوایای داخلی یک مثلث و زوایای خارجی یک مثلث	د مثلث د داخلي زاویو مجموعه، د یوه مثلث خارجي زاویې
G07	45	رابطهٔ بین اضلاع یک مثلث	د یوه مثلث د ضلعو تر منځ اړیکې
G07	46	چندضلعی‌ها(مضلع ها)	مضلع گانې (څو ضلعي)
G07	47	مجموع زوایای داخلی و خارجی یک مضلع(چندضلعی)	د یوې مضلع د داخلي او خارجي زاویو مجموعه
G07	48	اشکال انطباق‌پذیر	انطباق منونکي شکلونه
G07	49	حالات انطباق‌پذیری مثلث‌ها	د مثلثونو د انطباق مننې حالتونه
G07	50	خلاصهٔ فصل پنجم و تمرین	د پنځم څپرکي لنډیز او پوښتنې
G07	52	فصل ۶: خطوط موازی و عمود	شپږم څپرکی: موازي او عمود خطونه
G07	53	زوایای متبادلهٔ داخلی و خارجی	داخلي او خارجي متبادلې زاویې، د دوه مستقیمو کرښو د موازاتو څېړنه کله چې متبادلې زاویې سره...
G07	54	زوایای متوافقه	متوافقې زاویې
G07	55	زوایای متممهٔ داخلی یک طرف خط قاطع	د یوه قاطع مستقیم خط یوې خوا ته داخلي متممې زاویې
G07	56	چهارضلعی‌ها (متوازی‌الاضلاع، مستطیل، مربع، معین و ذوزنقه)	څلور ضلعې گانې (متوازي الاضلاع، مستطیل، مربع، معین او ذوزنقه)
G07	57	زوایای مقابل متوازی‌الاضلاع	د متوازي الاضلاع مقابلې زاویې
G07	58	زوایای خارجی یک چهارضلعی	د یوې څلور ضلعې خارجي زاویې
G07	59	خاصیت قطرهای متوازی‌الاضلاع	د څلور ضلعي د قطرونو خاصیتونه، د متوازي الاضلاع د قطرونو خاصیتونه
G07	60	خاصیت قطرهای مستطیل	د مستطیل قطرونه
G07	61	خاصیت قطرهای لوزی(معین)	د معین (لوزي) قطرونه
G07	62	خلاصهٔ فصل ششم و تمرین	د شپږم څپرکي لنډیز او پوښتنې
G07	64	فصل ۷: احصائیه	اووم څپرکی: احصائیه
G07	65	روش‌های جمع‌آوری اطلاعات	د اطلاعاتو د راټولولو طریقې
G07	66	جامعه و نمونه	ټولنه او نمونه
G07	67	نمونهٔ تصادفی	تصادفي نمونه
G07	68	متحول تصادفی و انواع آن	تصادفي متحول او ډولونه یې
G07	69	جدول کثرت (فریکونسی)	د فریکونسي جدول
G07	70	گراف تصویری	تصویري (انځوریز) گراف
G07	71	مد(Mode)	موډ (Mode)
G07	72	اوسط	اوسط
G07	73	خلاصهٔ فصل هفتم و تمرین	د اووم څپرکي لنډیز او پوښتنې
G07	75	فصل ۸: احتمالات	اتم څپرکی: احتمالات
G07	76	چانس	چانس
G07	77	احتمال	احتمال
G07	78	تجربه کردن یک اتفاق	د یوې تصادفي پېښې تجربه
G07	79	تجربهٔ تصادفی	تصادفي تجربه
G07	80	فضای نتیجه یا نمونه	د نتیجې یا نمونې فضا
G07	81	احتمال نظری، خلاصهٔ و تمرین فصل هشتم	نظري احتمال، د اتم څپرکي لنډیز او پوښتنې
G08	5	فصل ۱: اعداد حقیقی	لومړی فصل: حقیقي عددونه
G08	6	مفهوم اعداد حقیقی و خواص آن‌ها	د حقیقي عددونو مفهوم، د حقیقي عددونو خواص
G08	7	طریقهٔ عمومی استخراج جذر مربع تقریبی، اوسط و جذر دوم اعداد اعشاریه دار	د تقریبي دویم جذر د پیداکولو عمومي طریقه، د اوسط په طریقه د دویم جذر تقریبي قیمت، د اعشاریه لرونکو عددونو دویم جذر
G08	8	عملیات بالای اعداد جذر دار (جمع، تفریق، ضرب و تقسیم)	د جذري عددونو جمع، تفریق، ضرب او تقسیم
G08	9	قوانین اعداد توان‌دار (ضرب، تقسیم، توان صفر و منفی)	د توان لرونکو عددونو قوانین
G08	10	توان‌های کسری و قوانین آن، ناطق کردن کسرها	کسري توانونه او قوانین یې
G08	13	فصل ۲: محاسبات مالی	دویم فصل: مالي محاسبې
G08	14	نسبت، تقسیم به اجزای متناسبه	نسبت، په متناسبو اجزاوو باندې ویشل
G08	15	تناسب، خواص تناسب، انواع تناسب، تناسب مرکب	تناسب، د تناسب خواص، د تناسب ډولونه، مرکب تناسب
G08	16	فیصد، احدیت، تخفیف	فیصد، احدیت یا واحد، تخفیف
G08	17	ربح ساده و مرکب	ساده او مرکبه ربح
G08	20	فصل ۳: مشابهت	دریم فصل: مشابهتونه
G08	21	اشکال متشابه، مضلعات متشابه	ورته (مشابه) شکلونه، ورته (متشابه) مضلع گانې
G08	22	قضیهٔ خطوط موازی با فاصله های مساوی، قضیهٔ تالس و عکس آن	موازي خطونه، د تالس قضیه
G08	23	قضیهٔ تالس درمثلث، حالت های تشابه مثلث ها	په مثلث کې د تالس قضیه، د مثلثونو د ورته والي حالتونه
G08	26	فصل ۴: تناظر	څلورم فصل: تناظر
G08	27	مفهوم تناظر، تناظر محوری، تناظر مرکزی	د تناظر مفهوم، محوري تناظر، مرکزي تناظر
G08	30	فصل ۵: قضایای مثلث	پنځم فصل: د مثلث قضیې
G08	31	قضایای مثلث متساوی الساقین	د متساوي الساقین د مثلث قضیې
G08	32	قضیهٔ فیثاغورث، عکس قضیهٔ فیثاغورث	د فیثاغورث قضیه، د فیثاغورث د قضیې معکوس (سرچپه)
G08	33	قضایای مثلث قایم الزاویه، قضایا در مثلث قایم الزاویه برای زوایای °۳۰ و °۶۰	د قایم الزاویه مثلث قضیې، په قایم الزاویه مثلث کې د °۳۰ او °۶۰ زاویو لپاره قضیې
G08	34	ناصف الزاویه، ناصف الزاویه های داخلی مثلث، ناصف عمودی در یک مثلث	ناصف الزاویه، د مثلث د داخلي زاویو ناصفونه، په یوه مثلث کې عمودي ناصف
G08	35	ارتفاع های مثلث، میانه های مثلث	د مثلث ارتفاع گانې، د مثلث میانې
G08	38	فصل ۶: مساحت ها و احجام	شپږم فصل: مساحت او حجمونه
G08	39	مساحت و حجم مکعب مستطیل، دریافت قطر مکعب مستطیل و مکعب	د مکعب مستطیل مساحت او حجم
G08	40	مساحت و حجم منشور، مساحت و حجم استوانه	د منشور مساحت او حجم، د استوانې مساحت او حجم
G08	41	مساحت و حجم هرم	د هرم مساحت او حجم
G08	42	مساحت و حجم مخروط، مساحت و حجم کره	د مخروط مساحت او حجم، دکرې مساحت او حجم
G08	45	فصل ۷: افاده‌های الجبری	اووم فصل: الجبري افادې
G08	46	مفهوم متحول، افاده‌های الجبری، ساده کردن افاده‌های الجبری	د متحول مفهوم، الجبري افادې، د الجبري افادو ساده کول
G08	47	ضرب افاده‌های یک حده، تقسیم افاده‌های یک حده، ضرب افاده‌های الجبری	د یوه حده افادو ضرب، د یو حده افادو وېش، د الجبري افادو ضرب
G08	48	مطابقت‌ها، مربع مجموع و تفاضل افاده‌های دو حده، تجزیهٔ افاده‌های الجبری	مطابقتونه، د دوه حده افادو د جمعې او تفاضل مربع، د الجبري افادو تجزیه
G08	51	فصل ۸: معادلات	اتم فصل: معادلې
G08	52	مفهوم معادله، عملیه‌های جمع و تفریق در مساوات، عملیه های ضرب و تقسیم در مساوات	د معادلې مفهوم، په معادله کې د جمعې او تفریق عملیې، په معادله کې د ضرب او وېش عملیې
G08	53	معادلهٔ عمومی درجه یک یک مجهوله، معادلات معادل و تشکیل معادلات	لومړی درجه یو مجهوله عمومي معادله، معادلي معادلې، د معادلو تشکیلول (جوړښت)
G08	56	فصل ۹: رابطه و تابع	نهم فصل: رابطه او تابع
G08	57	نقطه در مستوی، مختصات یک نقطه در مستوی، مجهول و متحول	ټکي په مستوي کې، د یوه ټکي مختصات په مستوي کې، مجهول او متحول
G08	58	رابطه، رابطهٔ خطی، تشکیل رابطه های خطی و تابع	رابطه، خطي رابطه، د خطي رابطو جوړښت، تابع
G08	61	فصل ۱۰: احصائیه	لسم فصل: احصائیه
G08	62	جدول کثرت دیتای غیر متمادی، خواص اجرای جدول کثرت	د منفصلې ډیټا دکثرت جدول، د کثرت د جدول د اجزاوو خاصیتونه
G08	63	کثرت تجمعی	ډله ییز (تجمعي) کثرت
G08	64	کثرت نسبی، گراف میله‌ای، گراف خط منکسر	نسبي کثرت، میله یي گراف، د منکسرې کرښې گراف
G08	65	اوسط دیتای غیر متمادی، اوسط دیتای متمادی با استفاده از جدول	د منفصلې ډیټا اوسط، د جدول په مرسته د متصلې ډیټا اوسط
G08	68	فصل ۱۱: احتمال	یوولسم فصل: احتمال
G08	69	کثرت نسبی و احتمال	نسبي کثرت او احتمال
G08	70	چانس برابر و نابرابر در یک فضای نمونه	په نمونه یي فضا کې برابر او نا برابر چانس
G08	71	حادثهٔ اتفاقی یک فضای نمونه، قواعد احتمال	د یوې نمونه یي فضا ناڅاپي پېښه، د احتمال قاعدې
G08	72	دیاگرام درختی، قاعدهٔ اول مسیر (حاصل ضرب)	ونه ییز (شجریي) دیاگرام، د مسیر لومړی قاعده (د ضرب حاصل)
G09	5	فصل ۱: دایره	لومړی څپرکی: دایره
G09	6	عناصر دایره، حالات یک مستقیم با دایره، موقعیت دو دایره نظر به یکدیگر	د دایرې عناصر، د یوې مستقیمې کرښې حالتونه، د دایرو موقعیت نظر یو بل ته
G09	7	زوایای مربوط به دایره	د دایرې اړوند زاویې
G09	8	خصوصیات وتر و شعاع دایره	د دایرې د وتر او شعاع ځانګړتیاوې
G09	9	زاویهٔ محیطی دایره، زاویهٔ مماسی دایره	د دایرې محیطي او مماسي زاویې
G09	11	فصل ۲: روابط بین دایره و خطوط مستقیم	دویم څپرکی: په یوه دایره کې د اوږدوالي اړیکې
G09	12	روابط طولی در دایره	په یوه دایره کې د اوږدوالي اړیکې
G09	13	طاقت یک نقطه نظر به یک دایره	د یوه ټکي طاقت نظر دایرې ته
G09	14	خط مماس به دایره، زاویهٔ داخلی دایره، زاویهٔ خارجی دایره	د دایرې مماس کرښه، د دایرې دننۍ او باندنۍ زاویه
G09	15	دایرهٔ محیطی، دایرهٔ محاطی	محیطي او محاطي دایره
G09	16	خصوصیات چهار ضلعی مرسوم به دایره	په دایره کې د مرسوم څلور ضلعي ځانګړتیاوې (خواص)
G09	17	ترسیم مضلع منظم، محیط و مساحت دایره	د منظمې مضلع ترسیم، د دایرې محیط او مساحت
G09	19	فصل ۳: هندسهٔ تحلیلی	درېم څپرکی: تحلیلي هندسه
G09	20	فاصله بین دو نقطه	د دوو ټکو تر منځ واټن (فاصله)
G09	21	مختصات نقطهٔ وسطی یک قطعه خط	د یوه قطعه خط (ټوټې کرښې) د منځني ټکي مختصات
G09	22	میل مستقیم، میل مستقیم‌های موازی، میل مستقیم‌های عمود به هم	د مستقیمې کرښې میل، د موازي او عمود کرښو میلونه
G09	23	معادلهٔ خط مستقیم، معادلهٔ خط مستقیمی که میل و یک نقطهٔ آن معلوم باشد	د مستقیمې کرښې معادله، د هغې مستقیمې کرښې معادله چې میل او یو ټکی یې معلوم وي
G09	24	شکل عمومی معادلهٔ خط مستقیم	د مستقیمې کرښې عمومي معادله
G09	25	سیستم معادلات خطی	د خطي معادلو سیستم
G09	26	حل سیستم معادلات خطی به روش تعویضی و افناً	د خطي معادلو د سیستم حل په تعویضي او افنا طریقې سره
G09	27	تغییر مکان، انتقال، انعکاس، دوران	د ځای بدلون، انتقال، انعکاس او دوران
G09	29	فصل ۴: مثلثات	څلورم څپرکی: مثلثات
G09	30	قضیهٔ تالس در مثلثات	په مثلث کې د تالس قضیه
G09	31	ساین زاویهٔ حاده، کوساین زاویهٔ حاده، تانجانت زاویهٔ حاده	د حاده زاویې ساین، کوساین او تانجنت
G09	32	نسبت‌های مثلثاتی زوایای خاص، رابطهٔ میل و تانجانت	د ځانګړو زاویو مثلثاتي نسبتونه، د میل او تانجنت تر منځ اړیکې
G09	33	جدول مثلثاتی، حل مثلث‌های قایم‌الزاویه	مثلثاتي جدول، د قایم الزاویو مثلثونو حل
G09	34	معادلات مثلثاتی	مثلثاتي معادلې
G09	36	فصل ۵: افاده‌های الجبری	پنځم څپرکی: څو جمله یي ګانې
G09	37	تجزیه به فکتور	په فکتورونو تجزیه
G09	38	ضرب افاده‌های الجبری، مجموع و تفاضل مکعبات	د الجبري افادو ضرب، د مکعبونو مجموع او تفاضل
G09	39	کوچک‌ترین مضرب مشترک	کوچنی مشترک مضرب
G09	40	تقسیم افاده‌های الجبری	د الجبري افادو وېش
G09	41	ترتیب عملیات در افاده‌های الجبری	د الجبري افادو د عملیو د سرته رسولو ترتیب
G09	43	فصل ۶: نامساوات	شپږم څپرکی: نامساوات
G09	44	نامساوات، حل نامساوات‌های خطی	د خطي نا مساواتو حل
G09	45	فاصله یا انتروال‌ها	فاصلې یا انتروالونه
G09	46	تعیین اشارهٔ بینوم، تعیین اشارهٔ افادهٔ کسری	د بینوم د علامې ټاکل، د کسري افادو د علامو تحلیل او ټاکل
G09	47	نامساوات‌های کسری، نامساوات‌های خطی با دو متحول	کسري نامساواتونه، دوه متحوله خطي نامساوات
G09	48	سیستم نامساوات‌ها	د نامساواتو سیستمونه
G09	50	فصل ۷: معادلات یک مجهوله درجه دوم	اووم څپرکی: یو مجهوله دویمه درجه معادلې
G09	51	معادلهٔ یک مجهولهٔ درجه دوم، حل معادلات یک مجهولهٔ درجه دوم	د دویمې درجې د معادلو حل
G09	52	روابط غیر خطی	غیر خطي اړیکې
G09	53	حل معادلات درجه دوم به روش هندسی، تجزیه، طریقهٔ تکمیل مربع، فورمول محمد بن موسی	په هندسي لاره د دویمې درجې د معادلو حل د محمد بن موسی فورمول، تکمیل مربع
G09	55	فصل ۸: احصائیه	اتم څپرکی: احصائیه
G09	56	روش دسته‌بندی Data، دسته‌بندی Data پیوسته، اوسط وزنی	د ډېټا data د دسته بندي لاره، د نښتو یا متصلو ډېټا dataګانو دسته بندي او وزني اوسط
G09	57	گراف مستطیلی، گراف دایروی	مستطیلي او دایروي ګرافونه
G09	58	میانه، ساحهٔ تحول، اوسط انحراف	میانه، د تحول ساحه او د انحراف اوسط
G09	60	فصل ۹: تیوری احتمالات	نهم څپرکی: احتمالات
G09	61	اتحاد و تقاطع حوادث اتفاقی	د ناڅاپه پېښو اتحاد او تقاطع
G09	62	ست کلی و مکمله	بشپړ او مکمل سټ
G09	63	مدل‌سازی با ست‌ها	په سټونو مدل جوړول
G09	64	اصل شمارش	د شمېرلو اصول
G10	5	فصل ۱: پولینوم	لومړی څپرکی: پولینوم
G10	6	افاده‌های الجبری، اقسام پولینوم و درجهٔ آن، قیمت و مجموع ضرایب یک پولینوم	الجبري افادې، د پولینوم درجه او د پولینوم ډولونه، د پولینوم د قیمت او پولینوم دضریبونو د مجموعې پیدا کول
G10	7	عملیه‌های چهارگانهٔ پولینوم	د پولینوم څلور ګونې عملیې
G10	8	قضیهٔ باقیمانده، قضیهٔ فکتور و تقسیم ترکیبی	د باقي مانده قضیه، فکټور قضیه او ترکیبي وېش
G10	9	خلاصهٔ فصل و تمرین	د څپرکي لنډیز او پوښتنې
G10	11	فصل ۲: رابطه	دویم څپرکی: رابطه
G10	12	جوره‌های مرتب و مستوی کارتیزینی	مرتبې جوړې او کارتیزیني مستوي
G10	13	حاصل‌ضرب کارتیزینی و گراف آن	د کارتیزیني ضرب حاصل او ګراف یې
G10	14	رابطه و معکوس یک رابطه	رابطه او معکوسه رابطه
G10	15	رابطهٔ معادل	معادله رابطه
G10	16	خلاصهٔ فصل و تمرین فصل	د څپرکي لنډیز او پوښتنې
G10	18	فصل ۳: تابع	دریم څپرکی: تابع
G10	19	روش‌های نوشتن و قیمت یک تابع، ناحیهٔ تعریف و تشخیص یک تابع از روی گراف	د تابع دلیکلو طریقه او دیوې تابع د قیمت پیدا کول، د تابع د تعریف د ساحې پیدا کول، د یوې تابع ګراف او دګراف له مخې د یوې تابع پېژندنه، دګراف له مخې د یوې تابع د تعریف او د قیمتونو د ناحیو او د تابع قیمتونو پیدا کول
G10	20	بعضی توابع خاص و گراف‌های آن‌ها	ځینې خاصې تابع ګانې او ګرافونه یې
G10	21	توابع متزاید و متناقص، توابع جفت و تاق	متزایدې او متناقصې تابع ګانې، جفتې او طاقې تابع ګانې
G10	22	انتقال گراف‌ها (انتقال عمودی، انتقال افقی و ترکیب انتقال عمودی و افقی)	دګرافونو انتقال (عمودي انتقال، افقي انتقال او دعمودي او افقي انتقالونو ترکیب)
G10	23	عملیه‌های توابع	د تابع ګانو عملیې
G10	24	ترکیب توابع، تابع معکوس، تابع یک به یک و گراف تابع و معکوس آن	د تابع ګانو ترکیب، معکوسه تابع، یو په یو تابع، د تابع او د هغې د معکوسې تابع ګراف
G10	25	توابع پولینومی (تابع درجه یک، تابع درجه دوم) و گراف‌های آن	پولینومي تابع ګانې (لومړۍ او دویمه درجه تابعګانې) او ګرافونه یې
G10	26	توابع ناطق یا توابع نسبتی و گراف آن‌ها (مجانب‌های عمودی، افقی و مایل)	ناطقی تابع ګانې او ګراف یې (عمودې، افقي او مایل مجانبونه)
G10	27	خلاصهٔ فصل و تمرین فصل	د څپرکي لنډیز او پوښتنې
G10	29	فصل ۴: توابع مثلثاتی	څلورم څپرکی: مثلثاتي تابع ګانې
G10	30	زاویه و واحدهای اندازه‌گیری یک زاویه	زاویه او د زاویې د اندازه کولو واحدونه
G10	31	حالت معیاری یک زاویه و زوایای کوترمینل	دیوې زاویې معیاري حالت او کوټر مینل زاویې
G10	32	توابع مثلثاتی و نسبت‌های مثلثاتی بعضی زوایای خاص	مثلثاتي تابع ګانې او د ځینو خاصو زاویو مثلثاتي نسبتونه
G10	33	ارتباط بین نسبت‌های مثلثاتی یک زاویه حاده با زوایای دیگر	د یوې حاده زاویې او نورو زاویو د مثلثاتي نسبتونو په منځ کې اړیکې
G10	34	نسبت‌های مثلثاتی زاویه‌های °۰، °۹۰، °۱۸۰، °۲۷۰ و °۳۶۰	د °۰، °۹۰، °۱۸۰، °۲۷۰ او °۳۶۰ زاویو مثلثاتي نسبتونه
G10	36	گراف‌های توابع مثلثاتی	د مثلثاتي تابع ګانو ګراف
G10	37	خلاصهٔ فصل و تمرین فصل	د څپرکي لنډیز او پوښتنې
G10	39	فصل ۵: تطبیقات مثلثات	پنځم څپرکی: د مثلثاتو تطبیقات
G10	40	قوانین نسبت‌های مثلثاتی زوایای مرکب	د مرکبو زاویو د مثلثاتي نسبتونه
G10	41	نسبت‌های مثلثاتی مجموع و تفاضل دو زاویه	د دوو زاویو د مجموعې او تفاضل مثلثاتي فورمولونه
G10	42	نسبت‌های مثلثاتی دوچند و سه‌چند یک زاویه از جنس زاویه	د α زاویې د مثلثاتي نسبتونو له مخې د 2α او 3α زاویو د مثلثاتي نسبتونو پیداکول
G10	43	تبدیل مجموع یا تفاضل نسبت‌های مثلثاتی زوایا به شکل حاصل‌ضرب	د زاویو د مثلثاتي نسبتونو د مجموعې او تفاضل بدلول، د زاویو د مثلثاتي نسبتونو د ضرب د حاصل په شکل
G10	44	تبدیل حاصل‌ضرب نسبت‌های مثلثاتی زوایا به مجموع و یا تفاضل	د زاویو د مثلثاتي نسبتونو د ضرب د حاصل بدلول په جمع یا یې په تفاضل باندې
G10	45	طول قوس، قطاع یک دایره و مساحت قطاع، قطعهٔ دایره و مساحت قطعهٔ دایره	د قوس اوږدوالی، د یوې دایرې قطاع او مساحت یې، د دایرې قطعه او مساحت
G10	46	مساحت مثلث از جنس دو ضلع و زاویه بین این دو ضلع	د مثلث مساحت د دوو ضلعو او ددې دوو ضلعو ترمنځ د زاویې له جنسه
G10	47	مساحت مثلث از روی سه ضلع مثلث (فورمول هیرون)	د مثلث مساحت د مثلث د دریو ضلعو له جنسه (د هیرون فورمول)
G10	48	شعاع دایرهٔ محیطی و محاطی یک مثلث	د یوه مثلث د محیطي او محاطي دایرو شعاع ګانې
G10	49	خلاصهٔ فصل و تمرین فصل	د څپرکي لنډیز او پوښتنې
G10	51	فصل ۶: اعداد مختلط	شپږم څپرکی: مختلط عددونه
G10	52	اعداد موهومی و عملیه‌های چهارگانهٔ اعداد موهومی	موهومي عددونه او د موهومي عددونو څلورګونې عملیې
G10	53	جمع و تفریق اعداد مختلط	د مختلطو عددونو د جمعې او تفریق عملیې
G10	54	ضرب اعداد مختلط، مزدوج و معکوس ضربی یک عدد مختلط	د مختلطو عددونو ضرب، د یو مختلط عدد مزدوج، د مختلط عدد ضربي معکوس
G10	55	تقسیم اعداد مختلط	د مختلطو عددونو وېش
G10	56	حل معادله‌های درجه‌دوم یک مجهوله در ساحهٔ اعداد مختلط	د مختلطو عددونو په ساحه کې ددویمې درجې یو مجهوله معادلو حل
G10	57	خلاصهٔ فصل و تمرین فصل	د څپرکی لنډیز او پوښتنې
G10	59	فصل ۷: هندسهٔ تحلیلی	اووم څپرکی: تحلیلي هندسه
G10	60	سیستم کمیات وضعیه و فاصلهٔ بین دو نقطه	د وضعیه کمیاتو سیستم او د دوو نقطو ترمنځ فاصله
G10	61	دریافت کمیات وضعیهٔ نقطه‌یی‌که یک قطعه خط را به یک‌نسبت تقسیم می‌کند	د هغې نقطې د وضعیه کمیاتو پیداکول چې یو قطعه خط په یوه نسبت باندې وېشي
G10	62	میل یک خط مستقیم	د یوه مستقیم خط میل
G10	63	معادلهٔ یک خط مستقیم(معادلهٔ معیاری یک خط مستقیم، معادلهٔ خط مستقیمی که میل و یک نقطهٔ آن معلوم باشد، دو نقطهٔ آن معلوم باشد، معادلهٔ خطی که تقاطع آن با محورها معلوم باشد، معادلهٔ نورمال و معادلهٔ عمومی یک خط مستقیم)	د یوه مستقیم خط معادله (د یو مستقیم خط معیاري معادله، دهغه مستقیم خط معادله چې میل او یوه نقطه یې معلومه وي، دوې نقطې یې معلومې وي. له محورونو سره یې د تقاطع نقطې معلومې وي، د مستقیم خط نورمال معادله او د مستقیم خط عمومي معادله)
G10	64	تبدیل معادلهٔ عمومی یک خط مستقیم به اشکال دیگر معادلات خط مستقیم	د یوه مستقیم خط د عمومي معادلې بدلول، د مستقیم خط د معادلو په نورو شکلونو باندې
G10	65	فاصلهٔ یک نقطه از یک خط مستقیم	د یوې نقطې فاصله له یوه مستقیم خط څخه، د دوو موازي خطونو تر منځ فاصله
G10	66	دایره و معادلهٔ دایره، حالات یک خط مستقیم با دایره	دایره او د دایرې معادله، د یوه مستقیم خط حالتونه له یوې دایرې سره
G10	67	معادلهٔ مماس و طول مماس	د مماس معادله او د مماس اوږدوالی
G10	68	دریافت مساحت مثلث در صورتی که کمیات وضعیهٔ سه رأس آن معلوم باشد	د مثلث د مساحت پیداکول چې د راسونو وضعیه کمیات یې معلوم وي
G10	69	خلاصهٔ فصل و تمرین فصل	د څپرکي لنډیز او پوښتنې
G10	71	فصل ۸: احصائیه	اتم څپرکی: احصائیه
G10	72	گراف چندضلعی کثرت، گراف ساقه و برگ، چارک‌ها و گراف صندوقچه‌یی	د فریکونسي څو ضلعي ګراف، د ساقې او پاڼې ګراف، ربعي (څلورمې)، صندوقچه یي ګراف
G10	73	مقایسهٔ شاخص‌های مرکزی توسط منحنی نارمل، انحراف چارک‌ها	د نارمل منحني د مرکزي ټاکوونکو پرتله کول، ربعي انحراف
G10	74	واریانس و انحراف معیاری	واریانس، معیاري انحراف
G10	75	خلاصهٔ فصل و تمرین فصل	د څپرکي لنډیز او پوښتنې
G10	77	فصل ۹: منطق (ریاضی)	نهم څپرکی: د ریاضي منطق
G10	78	استدلال درک شهودی، استدلال تمثیلی یا قیاسی، استدلال استقرایی، استقرای ریاضی	د شهودي درک استدلال، تمثیلي استدلال، استقرایي استدلال، د ریاضي د استقرا استدلال
G10	79	استدلال استنتاجی، استدلال مثال نقض، برهان خلف یا ثبوت غیرمستقیم	استنتاجي استدلال، د مثال د نفي کولو استدلال، غیر مستقیم ثبوت
G10	80	منطق ریاضی و استنتاج بیان	د ریاضي منطق او د بیان استنتاج
G10	81	خلاصهٔ فصل و تمرین فصل	د څپرکي لنډیز او پوښتنې
G11	5	فصل ۱: مقاطع مخروطی	لومړی څپرکی: مخروطي مقاطع
G11	6	مقاطع مخروطی	مخروطي مقاطع
G11	7	بیضوی	بیضوي
G11	8	معادلهٔ بیضوی	د بیضوي معادله
G11	9	معادلهٔ بیضوی‌یی که مرکز آن یک نقطهٔ اختیاری باشد	د هغې بیضوي معادله چې مرکز یې یو اختیاري ټکی وي
G11	10	پارابولا	پارابولا
G11	11	معادلهٔ پارابولا	د پارابولا معادله
G11	12	معادلهٔ پارابولا که رأس آن یک نقطهٔ اختیاری باشد	د هغې پارابولا معادله چې راس یې یو اختیاري ټکی وي
G11	13	هایپربولا	هایپربولا
G11	14	معادلهٔ هایپربولا	د هایپربولا معادله
G11	15	معادلهٔ هایپربولایی که مرکز آن یک نقطهٔ اختیاری باشد	د هغې هایپربولا معادله چې مرکز یې یو اختیاري ټکی وي
G11	16	حالات نسبی یک خط مسقیم نظر به مقاطع مخروطی	د مستقیم خط موقعیت نظرمخروطي مقاطعو ته
G11	17	نکات مهم فصل اول	د څپرکي مهم ټکي
G11	18	تمرین فصل اول	د څپرکي پوښتنې
G11	20	فصل ۲: مثلثات	دویم څپرکی: مثلثات
G11	21	قانون ساین	د ساین قانون
G11	22	قانون کوساین	د کوساین قانون
G11	23	قانون تانجانت	د تانجنټ قانون
G11	24	مطابقت‌های مثلثاتی	مثلثاتي مطابقتونه
G11	25	معادلات مثلثاتی	مثلثاتي معادلې
G11	26	معادلات مثلثاتی درجه دوم	دویمه درجه مثلثاتي معادلې
G11	27	سیستم معادلات دو مجهولهٔ مثلثاتی	د دوه مجهوله مثلثاتي معادلو یا سیستمونوحل
G11	28	نکات مهم فصل دوم	د څپرکي مهم ټکي
G11	29	تمرین فصل دوم	د څپرکي پوښتنې
G11	31	فصل ۳: هندسهٔ فضایی	دریم څپرکی: فضایي هندسه
G11	32	مفاهیم اساسی و اکسیوم‌ها	اساسي مفاهیم او اکسیومونه
G11	33	خط و مستوی در فضای سه بُعدی	په درې بُعدې فضا کې کرښه او مستوي
G11	34	خطوط مستقیم موازی در فضا	په فضا کې موازي مستقیمونه
G11	35	زاویه بین دو خط مستقیم در فضا	په فضا کې د دوو مستقیمو کرښو تر منځ زاویه
G11	36	مستقیم‌های موازی و مستوی‌های موازی در فضا	په فضا کې موازي مستقیمونه او موازي مستوي ګانې
G11	37	خطوط مستقیم و مستوی‌های متعامد درفضا	په فضا کې متعامدې مستقیمې کرښې او مستوي ګانې
G11	38	مستوی‌های موازی در فضا	په فضا کې موازي مستوي ګانې
G11	39	نکات مهم فصل سوم	د څپرکي مهم ټکي
G11	40	تمرین فصل سوم	د څپرکي پوښتنې
G11	42	فصل ۴: ترادف‌ها و سلسله‌ها	څلورم څپرکی: ترادفونه
G11	43	ترادف‌ها	ترادفونه
G11	44	ترادف حسابی	حسابي ترادف
G11	45	ترادف هندسی	هندسي ترادف
G11	46	مجموع قسمی ترادف‌ها	د ترادفونو قسمي مجموعه
G11	47	مجموع قسمی n حد اول ترادف حسابی	د حسابي ترادف د n لومړیو حدونو قسمي مجموعه
G11	48	حاصل جمع n حد ترادف هندسی	د یوه هندسي ترادف د n حدونو د جمعې حاصل
G11	49	سلسله‌های هندسی لایتناهی	لایتناهي هندسي سلسلې
G11	50	نکات مهم فصل چهارم	د څلورم څپرکي مهم ټکي
G11	51	تمرین فصل چهارم	د څپرکي پوښتنې
G11	53	فصل ۵: لوگاریتم	پنځم څپرکی: لوګاریتم
G11	54	توابع اکسپوننشیل	اکسپوننشیل تابع ګانې
G11	55	لوگاریتم	لوګاریتم
G11	56	توابع لوگاریتمی	لوګاریتمي تابع ګانې
G11	57	لوگاریتم معمولی و لوگاریتم طبیعی	معمولي لوګاریتم
G11	58	قوانین لوگاریتم	د لوګاریتم قوانین
G11	59	تبدیل قاعدهٔ لوگاریتم به قاعدهٔ دیگر	د لوګاریتم د قاعدې اړول په بله قاعده
G11	60	کرکترستیک و مانتیس	کرکټرستیک او مانتیس
G11	61	جدول لوگاریتم	د لوګاریتم جدول
G11	62	انتی لوگاریتم	انتي لوګاریتم
G11	63	انترپولیشن خطی	خطي انټرپولېشن
G11	64	معادلات اکسپوننشیل و لوگاریتمی	د لوګاریتمي او اکسپوننشیل معادلو حل
G11	65	استفاده از لوگاریتم در اجرای عملیه‌های ریاضی	دریاضیکي عملیوپه سرته رسولوکې له لوګاریتم څخه کار اخېستنه
G11	66	نکات مهم فصل پنجم	د څپرکي مهم ټکي
G11	67	تمرین فصل پنجم	د څپرکي پوښتنې
G11	69	فصل ۶: متریکس‌ها	شپږم څپرکی: متریکسونه
G11	70	متریکس‌ها	متریکسونه
G11	71	انواع متریکس‌ها	د متریکسونو ډولونه
G11	72	جمع و تفریق متریکس‌ها	د متریکسونو جمع او تفریق
G11	73	ضرب یک متریکس در سکالر	په متریکس کې د سکالر ضرب
G11	74	ضرب دو متریکس	د دوو متریکسونو ضرب
G11	75	ترانسپوز یک متریکس	د یوه متریکس ترانسپوز متریکس
G11	76	دیترمینانت	دیترمینانت
G11	77	خواص دیترمینانت	د دیترمینانت خاصیتونه
G11	78	معکوس ضربی متریکس‌های 2×2	د 2×2 مرتبې متریکسونو ضربي معکوس
G11	79	حل سیستم معادلات خطی با استفاده از معکوس متریکس	له معکوس متریکس څخه په کار اخېستنې د خطي معادلو د سیستم حل
G11	80	حل سیستم معادلات به طریقهٔ کرامر	د خطي معادلو د سیستم حل د کرامر په طریقه
G11	81	حل سیستم معادلات به طریقهٔ حذفی(Gouse)	د معادلو د سیستم حل د ګوس(Gouse) په طریقه
G11	82	نکات مهم فصل ششم	د شپږم څپرکي مهم ټکي
G11	83	تمرین فصل ششم	د څپرکي پوښتنې
G11	85	فصل ۷: وکتورها در فضا	اووم څپرکی: وکتورونه
G11	86	وکتورها در سیستم مختصات قایم	د وضعیه کمیتونو په قایم سیستم کې وکتورونه
G11	87	فاصله و نقطهٔ وسطی بین دو نقطه	د دوو ټکو ترمنځ واټن او منځنی ټکی
G11	88	وکتورها در سطح و فضا	وکتورونه په سطح او فضا کې
G11	89	مختصات نقطه در فضای سه بُعدی	په درې بعدي فضا کې د ټکي مختصات
G11	90	زوایای جهت و کوساین‌های جهت یک وکتور	د یوه وکتور د جهت زاویې او کوساینونه
G11	91	حاصل ضرب سکالری دو وکتور	د دوو وکتورونو د سکالري ضرب حاصل
G11	92	حاصل ضرب وکتوری دو وکتور	د وکتوري ضرب حاصل
G11	93	نکات مهم فصل هفتم	د څپرکي مهم ټکي
G11	94	تمرین فصل هفتم	د څپرکي پوښتنې
G11	96	فصل ۸: احصائیه	اتم څپرکی: احصایه
G11	97	ضریب تغییرات	دبدلونونو ضریب
G11	98	پراگنده گی در منحنی نورمال	په نورمال منحني کې تیتوالی
G11	99	شاخص‌های شکل توزیع نورمال	دنورمال توزیع دډول شاخصونه
G11	100	جامعه‌های چند متحوله	څو متحوله ټولنې
G11	101	گراف پراگنده‌گی	د تیتوالي ګراف
G11	102	همبسته گی و ضریب همبسته‌گی	پیوستون او دپیوستون ضریب
G11	103	خط رگرسیون	د خطي میلان معادله
G11	104	نکات مهم فصل هشتم	د اتم څپرکي مهم ټکي
G11	105	تمرین فصل هشتم	د څپرکي پوښتنې
G11	107	فصل ۹: احتمالات	نهم څپرکی: احتمالات
G11	108	ترتیب	پرموټېشن یا ترتیب
G11	109	ترکیب‌ها	ترکیب یا کمبېنیشن
G11	110	ترکیب	ترکیب
G11	111	تبدیل‌ها	تبدیل
G11	112	قضیهٔ بینوم	د بېنوم قضیه
G11	113	احتمال دو جمله‌یی	دوه جمله یي احتمال
G11	114	نکات مهم فصل نهم	د څپرکي مهم ټکي
G11	115	تمرین فصل نهم	د څپرکي پوښتنې
G12	5	فصل ۱: لیمت	لومړی څپرکی: لېمیټ
G12	6	مفهوم لیمت	د لېمیټ مفهوم
G12	7	لیمت طرف راست و طرف چپ	د ښي او کیڼې خوا لېمیټونه
G12	8	خواص لیمت	د لېمیټ خاصیتونه
G12	9	لیمت توابع نسبتی	د نسبتي تابع ګانو لېمیټونه
G12	10	شکل مبهم ∞/∞	د ∞/∞ مبهم شکل
G12	11	اشکال مبهم (∞ − ∞) و (0.∞)	د (∞ − ∞) او (0.∞) مبهم شکلونه
G12	12	اشکال مبهم 1^∞ ، ∞^0 ، 0^0	د 1^∞ ، ∞^0 ، 0^0 مبهم شکلونه
G12	13	لیمت توابع مثلثاتی	د مثلثاتي تابع ګانو لېمیټ
G12	14	متمادیت توابع	د تابع ګانو متمادیت
G12	15	خواص توابع متمادی	د متمادي تابع ګانو خاصیتونه
G12	16	نکات مهم و تمرینات عمومی فصل اول	د څپرکي لنډیز او پوښتنې
G12	18	فصل ۲: مشتق	دویم څپرکی: مشتقات
G12	19	مشتقات	مشتقات
G12	20	مشتق یک تابع	د یوې تابع مشتق
G12	21	تعبیر هندسی مشتق	د مشتق هندسي تعبیر
G12	22	قوانین مشتق	د مشتق قوانین
G12	23	مشتق تابع مرکب	د مرکبو تابع ګانو مشتق
G12	24	مشتق توابع مثلثاتی	د مثلثاتي تابع ګانو مشتق
G12	25	مشتقات ضمنی	ضمني مشتقات
G12	26	مشتقات مرتبه بلند	لوړ مرتبه یي مشتقات
G12	27	نکات مهم و تمرینات عمومی فصل دوم	د څپرکي لنډیز او پوښتنې
G12	29	فصل ۳: موارد استعمال مشتق	دریم څپرکی: د مشتق د استعمال ځایونه
G12	30	نقاط بحرانی یک تابع (اعظمی(Maximum) و اصغری(Minimum))	د یوې تابع بحراني ټکی (اعظمي او اصغري)
G12	31	تعین نقطهٔ انعطاف	د انعطاف د ټکي ټاکل له دویم مشتق څخه په ګټې اخېستنې سره
G12	32	تحولات توابع درجه دوم	د منحني ګانو رسمول
G12	33	مجانب‌های گراف توابع	د توابعو د ګرافونو مجانبونه
G12	34	گراف توابع هوموگرافیک	د هوموګرافیک تابع ګانو ګراف
G12	35	گراف توابع یک مجهولهٔ درجه سوم	د دریمې درجې یو مجهوله تابع ګراف
G12	36	قضیهRolle	د رول قضیه
G12	37	قاعدهٔ هوپیتال	د لوپیټال قاعده
G12	38	تطبیق نقاط بحرانی	د بحراني ټکو تطبیق
G12	39	نکات مهم و تمرینات عمومی فصل سوم	د څپرکي لنډیز او پوښتنې
G12	41	فصل ۴: انتیگرال‌ها	څلورم څپرکی: انتیګرال
G12	42	مجموع ریمان	د ریمان مجموعه
G12	43	مفهوم انتیگرال	د انتیګرال مفهوم
G12	45	خواص انتیگرال غیرمعین	د غیرمعین انتیګرال خواص
G12	46	انتیگرال معین	معین انتیګرال
G12	47	خواص انتیگرال معین	د معین انتیګرال خواص
G12	48	قضایای اساسی مشتق و انتیگرال	د مشتق او انتیګرال اساسي قضیې
G12	49	انتیگرال‌گیری به طریقهٔ تعویض	په تعویضي طریقې سره انتیګرال نیول
G12	50	انتیگرال‌گیری به طریقهٔ قسمی	په قسمي طریقې سره انتي ګرال نیول
G12	51	نکات مهم و تمرینات عمومی فصل چهارم	د څپرکي لنډیز او پوښتنې
G12	53	فصل ۵: مشتق و انتیگرال توابع لوگاریتمی و اکسپوننشیل	پنځم څپرکی: د لوګاریتمي او اکسپوننشیل تابعګانو مشتق او انتیګرال
G12	54	مشتق توابع اکسپوننشیل و لوگاریتمی	د لوګاریتمي او اکسپوننشیل تابع ګانو مشتق
G12	55	مشتق توابع معکوس	د معکوسو تابع ګانو مشتق
G12	57	کسور قسمی	قسمي کسرونه
G12	58	انتیگرال‌های توابع اکسپوننشیل	د اکسپوننشیل تابع ګانو انتیګرالونه
G12	59	انتیگرال‌های توابع لوگاریتمی	د لوګاریتمي تابع ګانو انتیګرال
G12	60	محاسبهٔ انتیگرال توسط کسور قسمی	د قسمي کسرونو په مرسته د انتیګرال محاسبه
G12	61	نکات مهم و تمرینات عمومی فصل پنجم	د څپرکي لنډیز او پوښتنې
G12	63	فصل ۶: تطبیقات انتیگرال	شپږم څپرکی: د انتیګرال تطبیقات
G12	64	محاسبهٔ مساحت محصور شده توسط یک منحنی	د یوه منحني په واسطه د محصور شوې سطحې د مساحت محاسبه
G12	65	محاسبهٔ مساحت محصور شده توسط دو منحنی	د دوو منحني ګانو ترمنځ د محصور شوې سطحې د مساحت محاسبه
G12	66	محاسبهٔ حجم اجسام دورانی	دګراف له دوران څخه د په لاس راغلي جسم حجم
G12	67	محاسبهٔ طول قوس	د قوس د اوږدوالی محاسبه
G12	68	نکات مهم و تمرینات عمومی فصل ششم	د څپرکي لنډیز او پوښتنې
G12	70	فصل ۷: احصائیه	اووم څپرکی: احصائیه
G12	71	تابع توزیع احتمال	د احتمال د تابع توزیع
G12	72	آزمایش برنولی و توزیع دو جمله‌یی	د دوه جمله‌یي توزیع او د برنولي آزمایښت
G12	73	توزیع احتمال پواسن	د پواسن د احتمال توزیع
G12	74	توزیع نورمال	نورمال توزیع
G12	75	مساحت تحت منحنی توزیع نورمال و استاندارد کردن آن	د نورمال توزیع منحني لاندې مساحت او د هغې سټنډرډ کول
G12	76	نمونه‌گیری	نمونه اخېستل
G12	77	توزیع اوسط نمونه	د نمونې د اوسط توزیع
G12	78	قضیهٔ لیمت مرکزی	د مرکزي لېمیټ قضیه
G12	79	توزیع نمونهٔ نسبت	د نمونه‌یي توزیع نسبت
G12	80	نکات مهم و تمرینات عمومی فصل هفتم	د څپرکي لنډیز او پوښتنې
G12	82	فصل ۸: احتمالات	اتم څپرکی: احتمالات
G12	83	فضای نمونهٔ گسسته و پیوسته	پرېکړې او نښتې فضاګانې
G12	84	حوادث هم‌چانس	هم چانسه پېښې
G12	85	احتمال فضاهای پیوسته	د نښتو یا پیوسته فضاګانو احتمال
G12	86	احتمال مشروط	مشروط احتمال
G12	87	اصل حاصل ضرب	د حاصل ضرب اصل
G12	88	استقلالیت حوادث اتفاقی	د ناڅاپي پېښو استقلالیت
G12	89	نکات مهم و تمرینات عمومی فصل هشتم	د څپرکي لنډیز او پوښتنې
